"Data Source","World Development Indicators",

"Last Updated Date","2020-12-16",

"Country Name","Country Code","Indicator Name","Indicator Code","1960","1961","1962","1963","1964","1965","1966","1967","1968","1969","1970","1971","1972","1973","1974","1975","1976","1977","1978","1979","1980","1981","1982","1983","1984","1985","1986","1987","1988","1989","1990","1991","1992","1993","1994","1995","1996","1997","1998","1999","2000","2001","2002","2003","2004","2005","2006","2007","2008","2009","2010","2011","2012","2013","2014","2015","2016","2017","2018","2019","2020",
"Aruba","ABW","Patent applications, residents","IP.PAT.RESD","","","","","","","","","","","","","","","","","","","","","","","","","","","","","","","","","","","","","","","","","","","1","","","","","","","","","","","","","","","","","","",
"Afghanistan","AFG","Patent applications, residents","IP.PAT.RESD","","","","","","","","","","","","","","","","","","","","","","","","","","","","","","","","","","","","","","","","","","","","","","","","","","","","","","","","","","","","","",
"Angola","AGO","Patent applications, residents","IP.PAT.RESD","","","","","","","","","","","","","","","","","","","","","","","","","","","","","","","","","4","","","","","","","","","","","","","","","","","","","","","","","","","","","","",
"Albania","ALB","Patent applications, residents","IP.PAT.RESD","","","","","","","","","","","","","","","","","","","","","","","","","","","","","","","","","","","","","","","","","","","","","","","","","","","","3","","","10","14","20","16","15","","",
"Andorra","AND","Patent applications, residents","IP.PAT.RESD","","","","","","","","","","","","","","","","","","","","","","","","","","","","","","","","","","","","","","","","","","","","","","","","","","","","","","","","","","","1","","",
"Arab World","ARB","Patent applications, residents","IP.PAT.RESD","","","","","","","","","","","","","","","","","","","","","162","171","","193","","","","","","549","","","","702","703","795","902","","777","809","1124","831","991","874","932","982","","1027","","","1551","1688","","2161","2184","2910","2928","3591","3791","","",
"United Arab Emirates","ARE","Patent applications, residents","IP.PAT.RESD","","","","","","","","","","","","","","","","","","","","","","","","","","","","","","","","","","","","","","","","","","","","","","","","","","","","26","20","18","29","15","","52","56","","",
"Argentina","ARG","Patent applications, residents","IP.PAT.RESD","","","","","","","","","","","","","","","","","","","","","1269","954","951","1102","1182","","","","","","955","943","503","787","694","676","1097","824","861","899","1062","691","718","792","786","1054","1020","937","801","640","552","688","735","643","509","546","884","393","425","","",
"Armenia","ARM","Patent applications, residents","IP.PAT.RESD","","","","","","","","","","","","","","","","","","","","","","","","","","","","","","","","","","184","154","187","162","62","75","109","119","140","200","151","","206","192","135","226","116","136","121","137","125","121","113","125","107","101","","",
"American Samoa","ASM","Patent applications, residents","IP.PAT.RESD","","","","","","","","","","","","","","","","","","","","","","","","","","","","","","","","","","","","","","","","","","","","","","","","","","","","","","","","","","","","","",
"Antigua and Barbuda","ATG","Patent applications, residents","IP.PAT.RESD","","","","","","","","","","","","","","","","","","","","","","","","","","","","","","","","","","","","","","","","","","","","","","","","","","","","","","","","","","","5","","",
"Australia","AUS","Patent applications, residents","IP.PAT.RESD","","","","","","","","","","","","","","","","","","","","","6582","6341","6603","6930","7170","","","","","","","","","","","1784","1797","1760","1862","1858","1928","2187","2364","2418","2559","2555","2837","2718","2821","2494","2409","2383","2627","3061","1988","2291","2620","2503","2757","","",
"Austria","AUT","Patent applications, residents","IP.PAT.RESD","","","","","","","","","","","","","","","","","","","","","2327","2390","2233","2345","2324","2269","2210","2249","2212","2105","2025","2076","2117","2190","1989","1728","1909","1910","1957","2028","1961","1815","1932","2120","2248","2270","2271","2385","2298","2263","2424","2154","2258","2162","2092","2205","2078","2073","2039","","",
"Azerbaijan","AZE","Patent applications, residents","IP.PAT.RESD","","","","","","","","","","","","","","","","","","","","","","","","","","","","","","","","","","","","221","165","","","","","203","234","246","270","281","246","287","226","264","254","193","144","156","168","184","144","204","155","","",
"Burundi","BDI","Patent applications, residents","IP.PAT.RESD","","","","","","","","","","","","","","","","","","","","","","","","","","","","","","1","","","","","","","1","","","","","","","","","","","","","","","","","","","","","","","","",
"Belgium","BEL","Patent applications, residents","IP.PAT.RESD","","","","","","","","","","","","","","","","","","","","","865","806","914","805","869","771","794","548","636","681","643","625","675","809","744","732","776","792","690","591","577","571","601","519","514","517","490","454","575","669","620","636","755","715","889","949","1054","1001","892","","",
"Benin","BEN","Patent applications, residents","IP.PAT.RESD","","","","","","","","","","","","","","","","","","","","","","","","","","","","","","","","","","","","","","","","","","","","","","","","","","","","","","","","","","","","","",
"Burkina Faso","BFA","Patent applications, residents","IP.PAT.RESD","","","","","","","","","","","","","","","","","","","","","","","","","","","","","","","","","","","","","","","2","4","2","","","1","2","1","","","","","2","","","","","","","","","","",
"Bangladesh","BGD","Patent applications, residents","IP.PAT.RESD","","","","","","","","","","","","","","","","","","","","","34","39","40","40","62","40","16","23","24","32","32","36","72","36","39","70","22","46","32","49","70","59","43","58","48","50","22","29","60","55","66","37","67","60","44","41","77","61","69","","",
"Bulgaria","BGR","Patent applications, residents","IP.PAT.RESD","","","","","","","","","","","","","","","","","","","","","3297","3673","3628","3811","3843","2","1","3","6","63","198","422","329","412","319","368","316","394","274","282","231","283","289","278","263","261","243","211","249","242","243","262","245","282","218","280","230","202","180","","",
"Bahrain","BHR","Patent applications, residents","IP.PAT.RESD","","","","","","","","","","","","","","","","","","","","","","1","","","","","","","","","","","","","","","","","","","","","","","","","","","","","","1","3","3","6","8","6","8","11","","",
"Bahamas, The","BHS","Patent applications, residents","IP.PAT.RESD","","","","","","","","","","","","","","","","","","","","","","2","3","","3","3","1","","4","","2","1","2","","","","","","","","","","","","","","","","","","","","3","1","1","2","3","4","","","",
"Bosnia and Herzegovina","BIH","Patent applications, residents","IP.PAT.RESD","","","","","","","","","","","","","","","","","","","","","","","","","","","","","","","","","","","","","","","","23","31","52","","32","50","66","55","","59","","56","43","2","7","41","","60","87","84","","",
"Belarus","BLR","Patent applications, residents","IP.PAT.RESD","","","","","","","","","","","","","","","","","","","","","","","","","","","","","","","","","","828","683","624","698","752","910","993","994","930","895","1082","1065","1166","1188","1405","1510","1753","1759","1725","1681","1489","652","543","455","434","453","","",
"Belize","BLZ","Patent applications, residents","IP.PAT.RESD","","","","","","","","","","","","","","","","","","","","","","","","","","","","","","","","","","","","","","","","","","","","","","","1","","","","","","","","","","","","","","",
"Bermuda","BMU","Patent applications, residents","IP.PAT.RESD","","","","","","","","","","","","","","","","","","","","","","","","","","","","","","","","","","","","","","","","","","","","","","","","","","","","","","","","","","","","","",
"Bolivia","BOL","Patent applications, residents","IP.PAT.RESD","","","","","","","","","","","","","","","","","","","","","8","12","18","11","4","5","","","","","","","","26","28","17","","","","","","","","","","","","","","","","","","","9","","12","59","","","",
"Brazil","BRA","Patent applications, residents","IP.PAT.RESD","","","","","","","","","","","","","","","","","","","","","2149","2171","2116","2302","2062","1954","1855","2451","2338","2323","2389","2319","2100","2429","2269","2707","2611","2756","2491","2816","3179","3439","3481","3866","4044","4054","3956","4194","4280","4271","4228","4695","4798","4959","4659","4641","5200","5480","4980","","",
"Barbados","BRB","Patent applications, residents","IP.PAT.RESD","","","","","","","","","","","","","","","","","","","","","","","","","3","","","","","","","","","","","","","","","","","","","2","","","","3","1","","","","","3","1","","","","","","",
"Brunei Darussalam","BRN","Patent applications, residents","IP.PAT.RESD","","","","","","","","","","","","","","","","","","","","","","","","","","","","","","","","","","","","","","","","","","","","","","","","","","","","","20","20","26","","16","8","24","","",
"Bhutan","BTN","Patent applications, residents","IP.PAT.RESD","","","","","","","","","","","","","","","","","","","","","","","","","","","","","","","","","","","","","","","","","","","","","","","","","","","","","3","3","","1","4","","","","",
"Botswana","BWA","Patent applications, residents","IP.PAT.RESD","","","","","","","","","","","","","","","","","","","","","","","","","","","","","","","","","","","","","","","","","","","","","","","","","","","","1","5","8","4","3","1","3","","","",
"Central African Republic","CAF","Patent applications, residents","IP.PAT.RESD","","","","","","","","","","","","","","","","","","","","","","","","","","","","","","","","","","","","","","","","","","","","","","","","","","","","","","","","","","","","","",
"Canada","CAN","Patent applications, residents","IP.PAT.RESD","","","","","","","","","","","","","","","","","","","","","1648","2164","2000","2017","2026","2092","2161","2527","2772","3031","2549","2182","2807","3623","2480","2431","2583","3344","3809","4061","4187","3963","3959","3929","5231","5183","5522","4998","5061","5067","4550","4754","4709","4567","4198","4277","4078","4053","4349","","",
"Central Europe and the Baltics","CEB","Patent applications, residents","IP.PAT.RESD","","","","","","","","","","","","","","","","","","","","","13665","12648","13178","14420","15248","12231","12728","13735","15163","13882","9533","8086","7048","8147","7664","7676","7025","6882","6411","5863","6060","6212","6589","5888","6099","5561","5585","5994","6280","6947","7648","8262","7943","7919","7218","8044","7518","7053","7356","","",
"Switzerland","CHE","Patent applications, residents","IP.PAT.RESD","","","","","","","","","","","","","","","","","","","","","4049","3712","3845","3817","3393","3191","3199","3298","3236","3247","2987","2949","3068","2999","3033","2890","2504","2408","2025","1916","2083","1859","1827","1831","1742","1643","1740","1692","1594","1684","1622","1597","1480","1525","1480","1477","1462","1337","1283","","",
"Channel Islands","CHI","Patent applications, residents","IP.PAT.RESD","","","","","","","","","","","","","","","","","","","","","","","","","","","","","","","","","","","","","","","","","","","","","","","","","","","","","","","","","","","","","",
"Chile","CHL","Patent applications, residents","IP.PAT.RESD","","","","","","","","","","","","","","","","","","","","","140","92","96","96","105","122","96","108","111","135","169","151","178","155","219","171","176","161","207","204","241","246","391","329","382","361","291","403","531","343","328","339","336","340","452","443","386","425","406","","",
"China","CHN","Patent applications, residents","IP.PAT.RESD","","","","","","","","","","","","","","","","","","","","","","","","","","4065","3494","3975","4780","4749","5832","7372","10022","12084","11191","10011","11628","12672","13751","15626","25346","30038","39806","56769","65786","93485","122318","153060","194579","229096","293066","415829","535313","704936","801135","968252","1204981","1245709","1393815","","",
"Cote d'Ivoire","CIV","Patent applications, residents","IP.PAT.RESD","","","","","","","","","","","","","","","","","","","","","","","","","","","","","","","","","","","","","","","","","","","","","","","","","","","","","26","","","","","","","","",
"Cameroon","CMR","Patent applications, residents","IP.PAT.RESD","","","","","","","","","","","","","","","","","","","","","","","","","","","","","","","","","","","","","","","","","","","","","","","","","","","","","","","","","","","","","",
"Congo, Dem. Rep.","COD","Patent applications, residents","IP.PAT.RESD","","","","","","","","","","","","","","","","","","","","","3","8","6","6","8","","","","","","","","","","","","","","","","","","","","","","","","","","","","","","","","","","","","",
"Congo, Rep.","COG","Patent applications, residents","IP.PAT.RESD","","","","","","","","","","","","","","","","","","","","","","","","","","","5","","19","","","","","","","","","","","","","","","","","","","","","","","","","","","","","","","","",
"Colombia","COL","Patent applications, residents","IP.PAT.RESD","","","","","","","","","","","","","","","","","","","","","43","39","","82","69","72","81","52","85","90","","85","120","138","124","141","87","80","161","68","75","65","54","82","76","99","142","128","126","128","133","183","213","251","260","321","545","595","415","","",
"Comoros","COM","Patent applications, residents","IP.PAT.RESD","","","","","","","","","","","","","","","","","","","","","","","","","","","","","","","","","","","","","","","","","","","","","","","","","","","","","","","","","","","","","",
"Cabo Verde","CPV","Patent applications, residents","IP.PAT.RESD","","","","","","","","","","","","","","","","","","","","","","","","","","","","","","","","","","","","","","","","","","","","","","","","","","","","","","","","","2","2","3","","",
"Costa Rica","CRI","Patent applications, residents","IP.PAT.RESD","","","","","","","","","","","","","","","","","","","","","30","41","38","16","","","19","12","10","14","25","","","29","","","","","","","","","","","","","","","","","8","14","10","21","16","17","9","19","7","","",
"Caribbean small states","CSS","Patent applications, residents","IP.PAT.RESD","","","","","","","","","","","","","","","","","","","","","","","","","","","","","","","","","","","","","","","","","","","","","","","","","","","","","","","40","","31","","39","","",
"Cuba","CUB","Patent applications, residents","IP.PAT.RESD","","","","","","","","","","","","","","","","","","","","","129","122","183","166","214","","","","","","","","1","1","121","104","83","109","","110","","","","","","105","94","74","69","59","","62","38","27","24","","32","29","29","","",
"Curacao","CUW","Patent applications, residents","IP.PAT.RESD","","","","","","","","","","","","","","","","","","","","","","","","","","","","","","","","","","","","","","","","","","","","","","","","","","","","","","","","","","","","","",
"Cayman Islands","CYM","Patent applications, residents","IP.PAT.RESD","","","","","","","","","","","","","","","","","","","","","","","","","","","","","","","","","","","","","","","","","","","","","","","","","","","","","","","","","","","","","",
"Cyprus","CYP","Patent applications, residents","IP.PAT.RESD","","","","","","","","","","","","","","","","","","","","","1","","","2","2","","","","","","","","","","","","","","","","","","","12","9","20","","3","11","6","4","","4","2","4","6","3","8","4","","",
"Czech Republic","CZE","Patent applications, residents","IP.PAT.RESD","","","","","","","","","","","","","","","","","","","","","","","","","","","","","","","","","","893","756","626","614","579","624","596","555","568","526","625","623","586","641","716","712","789","868","783","867","984","910","880","792","794","678","","",
"Germany","DEU","Patent applications, residents","IP.PAT.RESD","","","","","","","","","","","","","","","","","","","","","28683","29841","30668","31658","31984","32202","32169","31597","31912","31171","30724","32256","33919","34752","36715","38103","42322","44438","46523","50029","51736","49989","47598","47818","48448","48367","48012","47853","49240","47859","47047","46986","46620","47353","48154","47384","48480","47785","46617","","",
"Djibouti","DJI","Patent applications, residents","IP.PAT.RESD","","","","","","","","","","","","","","","","","","","","","","","","","","","","","","","","","","","","","","","","","","","","","","","","","","","","","","1","","","","","","","",
"Dominica","DMA","Patent applications, residents","IP.PAT.RESD","","","","","","","","","","","","","","","","","","","","","","","","","","","","","","","","","","","","","","","","","","","","","","","","","","","","","","","","","","","","","",
"Denmark","DNK","Patent applications, residents","IP.PAT.RESD","","","","","","","","","","","","","","","","","","","","","964","1085","1095","1167","966","856","958","1007","1197","1120","1218","1061","1204","1159","1274","1234","1309","1319","1543","1656","1730","1757","1815","1772","1877","1658","1503","1660","1634","1518","1626","1574","1406","1341","1377","1462","1552","1490","1262","","",
"Dominican Republic","DOM","Patent applications, residents","IP.PAT.RESD","","","","","","","","","","","","","","","","","","","","","","","","25","","","14","","","","","","","","","","","","","","5","11","11","18","24","8","15","34","8","17","15","15","19","12","16","25","28","20","17","","",
"Algeria","DZA","Patent applications, residents","IP.PAT.RESD","","","","","","","","","","","","","","","","","","","","","5","14","14","30","30","","","","5","4","6","6","10","8","27","28","50","34","42","36","32","51","43","30","58","59","58","84","","","76","94","119","118","94","89","106","149","152","","",
"East Asia & Pacific (excluding high income)","EAP","Patent applications, residents","IP.PAT.RESD","","","","","","","","","","","","","","","","","","","","","","","","","","4268","3697","4252","5037","5106","6202","7804","10500","12695","11924","10680","12406","13517","14852","16913","26458","31348","41316","58534","67758","101487","131054","162251","197107","240232","304623","426807","546345","709168","805160","972680","1209291","1251167","1398501","","",
"Early-demographic dividend","EAR","Patent applications, residents","IP.PAT.RESD","","","","","","","","","","","","","","","","","","","","","7965","7804","7364","","9105","7516","8074","8600","8276","9000","6174","6302","6060","8516","7534","7393","7885","7123","8078","8480","9278","9107","9783","11126","12750","15934","18116","24808","29660","27255","29337","30423","30250","33005","37553","26014","43110","48154","44992","","",
"East Asia & Pacific","EAS","Patent applications, residents","IP.PAT.RESD","","","","","","","","","","","","","","","","","","","","","","","","","","282346","298436","320956","320323","330301","349059","357620","364991","367163","361014","406914","423193","433733","426309","434108","487448","492430","488029","512027","546382","596811","609378","629917","659377","667812","731535","857546","986823","1146947","1240339","1403980","1638504","1676002","1820380","","",
"Europe & Central Asia (excluding high income)","ECA","Patent applications, residents","IP.PAT.RESD","","","","","","","","","","","","","","","","","","","","","","","","","","","","","","","","","41119","44794","31203","26806","25967","24042","26011","29830","33471","37264","30291","32254","32529","32934","37162","37986","37826","35618","39770","37673","38716","40755","35116","40071","38111","36153","36797","","",
"Europe & Central Asia","ECS","Patent applications, residents","IP.PAT.RESD","","","","","","","","","","","","","","","","","","","","","","","","","","","","","","","","","138217","144577","132758","121561","132233","125410","130506","146254","155002","146847","136716","137646","138188","136314","139986","150982","151643","148026","152139","149636","149321","151336","145727","141632","148118","143427","141496","","",
"Ecuador","ECU","Patent applications, residents","IP.PAT.RESD","","","","","","","","","","","","","","","","","","","","","35","14","22","24","24","","27","21","24","26","","13","23","21","4","8","7","8","","15","10","7","13","7","14","11","8","4","2","6","4","","","7","24","20","45","16","34","","",
"Egypt, Arab Rep.","EGY","Patent applications, residents","IP.PAT.RESD","","","","","","","","","","","","","","","","","","","","","76","59","53","88","128","168","142","170","190","186","278","308","301","328","308","408","504","","494","536","534","464","627","493","382","428","","516","481","490","605","618","683","641","752","718","920","1025","997","","",
"Euro area","EMU","Patent applications, residents","IP.PAT.RESD","","","","","","","","","","","","","","","","","","","","","56158","50907","51540","52916","53993","57119","54751","55031","56498","53887","53313","54622","63388","65463","67311","60518","72923","68601","70888","81086","84990","74221","72079","72280","73805","73934","73834","83487","85116","83981","83908","83298","81814","82188","82893","73252","82958","81474","79781","","",
"Eritrea","ERI","Patent applications, residents","IP.PAT.RESD","","","","","","","","","","","","","","","","","","","","","","","","","","","","","","","","","","","","","","","","","","","","","","","","","","","","","","","","","","","","","",
"Spain","ESP","Patent applications, residents","IP.PAT.RESD","","","","","","","","","","","","","","","","","","","","","1876","1718","1646","1498","1784","2149","1649","1720","1816","2087","2218","2156","2076","2165","2136","2047","2274","2237","2271","2439","2710","2528","2763","2813","2871","3040","3111","3267","3632","3596","3566","3430","3266","3026","2953","2799","2745","2167","1525","","",
"Estonia","EST","Patent applications, residents","IP.PAT.RESD","","","","","","","","","","","","","","","","","","","","","","","","","","","","","","","","","","","16","16","12","15","20","13","13","18","19","18","27","23","36","44","62","76","84","62","20","25","44","30","29","37","24","","",
"Ethiopia","ETH","Patent applications, residents","IP.PAT.RESD","","","","","","","","","","","","","","","","","","","","","","","","","","","","","","","","","","","","","3","","","","3","","1","3","1","1","5","12","","","","4","","1","2","18","10","14","13","","",
"European Union","EUU","Patent applications, residents","IP.PAT.RESD","","","","","","","","","","","","","","","","","","","","","74893","68554","69900","72786","74176","74046","72122","73294","76118","72036","67172","66873","74536","77402","79361","72454","84577","80140","81964","92083","96284","85366","83028","82272","83787","82973","82673","92853","94756","93676","94332","94116","92961","93229","92991","84301","93621","91618","89574","","",
"Fragile and conflict affected situations","FCS","Patent applications, residents","IP.PAT.RESD","","","","","","","","","","","","","","","","","","","","","","","","","","","","","","","","","","","","","","","","","","","","","","","","","","","","","","","","","","","","","",
"Finland","FIN","Patent applications, residents","IP.PAT.RESD","","","","","","","","","","","","","","","","","","","","","1356","1423","1638","1719","1775","1727","1754","1859","1981","1948","2059","2123","2052","2166","2306","2058","2179","2355","2471","2511","2579","2390","2162","1972","2011","1830","1816","1804","1799","1806","1731","1650","1698","1596","1419","1289","1260","1390","1387","","",
"Fiji","FJI","Patent applications, residents","IP.PAT.RESD","","","","","","","","","","","","","","","","","","","","","2","","","","","","","","","","","","","","","","","","","","","","","","","","","","","","","","","","","","","","","","",
"France","FRA","Patent applications, residents","IP.PAT.RESD","","","","","","","","","","","","","","","","","","","","","11000","10945","10681","11147","11333","12050","12155","12695","12437","12592","12378","12597","12539","12638","12519","12419","12916","13252","13251","13592","13870","13499","13519","13511","14230","14327","14529","14722","14658","14100","14748","14655","14540","14690","14500","14306","14206","14415","14303","","",
"Faroe Islands","FRO","Patent applications, residents","IP.PAT.RESD","","","","","","","","","","","","","","","","","","","","","","","","","","","","","","","","","","","","","","","","","","","","","","","","","","","","","","","","","","","","","",
"Micronesia, Fed. Sts.","FSM","Patent applications, residents","IP.PAT.RESD","","","","","","","","","","","","","","","","","","","","","","","","","","","","","","","","","","","","","","","","","","","","","","","","","","","","","","","","","","","","","",
"Gabon","GAB","Patent applications, residents","IP.PAT.RESD","","","","","","","","","","","","","","","","","","","","","","","","","","","","","","","","","","","","","","","","","","","","","","","","","","","","","","","","","","","","","",
"United Kingdom","GBR","Patent applications, residents","IP.PAT.RESD","","","","","","","","","","","","","","","","","","","","","19612","20808","20530","19893","19093","19672","20040","19945","20536","19732","19310","19230","18848","18727","18384","18630","18184","17938","19530","21333","22050","21423","20624","20426","19178","17833","17484","17375","16523","15985","15490","15343","15370","14972","15196","14867","13876","13301","12865","","",
"Georgia","GEO","Patent applications, residents","IP.PAT.RESD","","","","","","","","","","","","","","","","","","","","","","","","","","","","","","","","","365","502","386","287","288","263","277","265","232","254","194","195","249","225","236","248","222","256","183","138","139","114","110","99","96","75","103","","",
"Ghana","GHA","Patent applications, residents","IP.PAT.RESD","","","","","","","","","","","","","","","","","","","","","","","","","","","","","","","","","","","","","","","","","","","","","","","","","","","","","","","","","14","15","13","","",
"Gibraltar","GIB","Patent applications, residents","IP.PAT.RESD","","","","","","","","","","","","","","","","","","","","","","","","","","","","","","","","","","","","","","","","","","","","","","","","","","","","","","","","","","","","","",
"Guinea","GIN","Patent applications, residents","IP.PAT.RESD","","","","","","","","","","","","","","","","","","","","","","","","","","","","","","","","","","","","","","","","","","","","","","","","","","","","","","","","","","","","","",
"Gambia, The","GMB","Patent applications, residents","IP.PAT.RESD","","","","","","","","","","","","","","","","","","","","","","","","","","","","","","","","","","","","","","","","","","","","","","","","","","","","","","","","","","","","","",
"Guinea-Bissau","GNB","Patent applications, residents","IP.PAT.RESD","","","","","","","","","","","","","","","","","","","","","","","","","","","","","","","","","","","","","","","","","","","","","","","","","","","","","","","","","","","","","",
"Equatorial Guinea","GNQ","Patent applications, residents","IP.PAT.RESD","","","","","","","","","","","","","","","","","","","","","","","","","","","","","","","","","","","","","","","","","","","","","","","","","","","","","","","","","","","","","",
"Greece","GRC","Patent applications, residents","IP.PAT.RESD","","","","","","","","","","","","","","","","","","","","","1265","1221","1264","1191","1277","1121","1249","1539","205","216","241","188","222","221","267","266","267","293","276","290","306","385","376","393","379","462","532","575","628","698","728","721","628","698","651","550","606","498","430","","",
"Grenada","GRD","Patent applications, residents","IP.PAT.RESD","","","","","","","","","","","","","","","","","","","","","","","","","","","","","","","","","","","","","","","","","","","","","","","","","","","","","","","","","","","","","",
"Greenland","GRL","Patent applications, residents","IP.PAT.RESD","","","","","","","","","","","","","","","","","","","","","","","","","","","","","","","","","","","","","","","","","","","","","","","","","","","","","","","","","","","","","",
"Guatemala","GTM","Patent applications, residents","IP.PAT.RESD","","","","","","","","","","","","","","","","","","","","","","","17","","","72","25","8","16","5","27","31","27","40","21","32","22","36","26","28","54","30","8","6","9","17","28","9","5","7","7","4","7","4","10","7","3","3","6","","",
"Guam","GUM","Patent applications, residents","IP.PAT.RESD","","","","","","","","","","","","","","","","","","","","","","","","","","","","","","","","","","","","","","","","","","","","","","","","","","","","","","","","","","","","","",
"Guyana","GUY","Patent applications, residents","IP.PAT.RESD","","","","","","","","","","","","","","","","","","","","","","","","1","","1","9","","","","","","","","","","","","","","","","","","","","","","","","","","","","1","","1","","2","","",
"High income","HIC","Patent applications, residents","IP.PAT.RESD","","","","","","","","","","","","","","","","","","","","","335356","164317","166700","393181","424938","442705","459363","485979","495220","507808","527512","530874","548495","559411","561939","618936","628023","645875","656734","689298","753493","753759","743062","753516","781097","813928","810237","829203","814846","771735","787909","797330","826297","842848","837417","827999","841498","832980","819240","","",
"Hong Kong SAR, China","HKG","Patent applications, residents","IP.PAT.RESD","","","","","","","","","","","","","","","","","","","","","","","","21","20","16","10","13","12","15","21","16","11","9","21","23","41","26","128","42","51","74","112","107","127","156","172","160","173","149","133","181","171","226","192","239","233","324","314","","",
"Honduras","HND","Patent applications, residents","IP.PAT.RESD","","","","","","","","","","","","","","","","","","","","","6","","63","16","4","12","","12","","","6","","","","","7","10","","11","8","4","7","7","","","","","","","","","2","8","6","","4","10","4","8","","",
"Heavily indebted poor countries (HIPC)","HPC","Patent applications, residents","IP.PAT.RESD","","","","","","","","","","","","","","","","","","","","","","","","","","","","","","","","","","","","","","","","","","","","","","","","","","","","","","","","","","","","","",
"Croatia","HRV","Patent applications, residents","IP.PAT.RESD","","","","","","","","","","","","","","","","","","","","","","","","","","","","","","","","","479","503","277","265","259","273","267","246","337","362","328","387","385","363","317","344","330","250","257","230","217","230","170","169","175","148","121","","",
"Haiti","HTI","Patent applications, residents","IP.PAT.RESD","","","","","","","","","","","","","","","","","","","","","4","","2","1","2","6","4","9","1","","","3","","","","","3","","","1","","","","","","","","","","","","1","2","","2","","","","","","",
"Hungary","HUN","Patent applications, residents","IP.PAT.RESD","","","","","","","","","","","","","","","","","","","","","1601","2124","2344","2760","2869","2904","2847","3229","3262","2657","2477","2210","1497","1139","1162","1096","803","737","690","729","810","919","842","756","748","705","718","689","683","757","649","662","692","642","546","569","616","496","407","","",
"IBRD only","IBD","Patent applications, residents","IP.PAT.RESD","","","","","","","","","","","","","","","","","","","","","","","","","","22671","23031","25383","27045","26968","20811","21225","63175","67503","54097","48656","50019","48265","51705","57498","72389","81206","85650","105247","117924","148621","184111","221877","268604","299355","369094","491091","611555","786871","880279","1041113","1291680","1334031","1479788","","",
"IDA & IBRD total","IBT","Patent applications, residents","IP.PAT.RESD","","","","","","","","","","","","","","","","","","","","","","","","","","22780","23112","25468","27137","27044","20935","21362","63372","69868","55465","50169","51309","49480","52780","58619","73678","82502","86857","106774","118632","149293","184785","222615","269678","300202","370165","492116","612401","788057","881170","1042494","1293053","1335540","1481572","","",
"IDA total","IDA","Patent applications, residents","IP.PAT.RESD","","","","","","","","","","","","","","","","","","","","","","","","","","","","","","","","","","","","","","","","","","","","","","","","","","","","","","","","","1373","","","","",
"IDA blend","IDB","Patent applications, residents","IP.PAT.RESD","","","","","","","","","","","","","","","","","","","","","","","","","","","","","","","79","","","","","","","","","","","","","","","","","","","","","573","518","627","","","801","790","1145","","",
"Indonesia","IDN","Patent applications, residents","IP.PAT.RESD","","","","","","","","","","","","","","","","","","","","","5","","16","40","26","49","32","62","","113","","34","67","38","29","61","40","79","93","152","157","212","234","201","227","235","288","284","386","415","508","533","","663","702","1058","1101","2271","1407","","",
"IDA only","IDX","Patent applications, residents","IP.PAT.RESD","","","","","","","","","","","","","","","","","","","","","","","","","","","","","","","","","","","","","","","","","","","","","","","","","","","","","","","","","","","","","",
"Isle of Man","IMN","Patent applications, residents","IP.PAT.RESD","","","","","","","","","","","","","","","","","","","","","","","","","","","","","","","","","","","","","","","","","","","","","","","","","","","","","","","","","","","","","",
"India","IND","Patent applications, residents","IP.PAT.RESD","","","","","","","","","","","","","","","","","","","","","1207","1067","1128","","1003","982","999","988","1033","1048","1147","1267","1248","1209","1588","1545","1661","1926","2247","2206","2206","2379","2693","3425","4014","4721","5686","6296","6425","7262","8853","8841","9553","10669","12040","12579","13199","14961","16289","","",
"Not classified","INX","Patent applications, residents","IP.PAT.RESD","","","","","","","","","","","","","","","","","","","","","","","","","","","","","","","","","","","","","","","","","","","","","","","","","","","","","","","","","","","","","",
"Ireland","IRL","Patent applications, residents","IP.PAT.RESD","","","","","","","","","","","","","","","","","","","","","394","461","434","567","651","726","743","719","727","736","734","786","","","","","","","","","","","","","","","","","","","","","","","","","79","62","76","","",
"Iran, Islamic Rep.","IRN","Patent applications, residents","IP.PAT.RESD","","","","","","","","","","","","","","","","","","","","","169","286","202","213","162","183","","207","167","141","182","262","225","278","266","278","288","284","337","366","410","691","910","1287","2426","4051","5970","10648","15403","12184","11108","11529","10622","11305","13683","","14930","15264","11908","","",
"Iraq","IRQ","Patent applications, residents","IP.PAT.RESD","","","","","","","","","","","","","","","","","","","","","19","26","47","33","124","296","199","272","272","247","","","149","164","112","76","68","","","","","","","","","","","","","","","","","","","335","","613","653","","",
"Iceland","ISL","Patent applications, residents","IP.PAT.RESD","","","","","","","","","","","","","","","","","","","","","19","14","18","32","28","21","29","28","16","18","17","34","28","34","22","19","16","22","41","35","51","49","71","57","66","47","45","61","50","64","57","50","37","33","51","40","35","36","56","","",
"Israel","ISR","Patent applications, residents","IP.PAT.RESD","","","","","","","","","","","","","","","","","","","","","669","727","707","687","696","790","819","823","995","1042","1052","1087","1400","1318","1261","1266","1218","1441","1950","2053","1599","1248","1213","1329","1544","1669","1342","1615","1528","1387","1450","1360","1319","1201","1125","1285","1300","1436","1506","","",
"Italy","ITA","Patent applications, residents","IP.PAT.RESD","","","","","","","","","","","","","","","","","","","","","6369","","","","","2000","","","2289","","","","7568","7493","7872","","6997","","","6281","7877","","","","","","","9255","8588","8814","8877","8794","8439","8307","8601","","8848","8643","8921","","",
"Jamaica","JAM","Patent applications, residents","IP.PAT.RESD","","","","","","","","","","","","","","","","","","","","","","","","15","10","","","3","","","4","4","6","9","6","7","2","9","","","11","4","15","9","11","10","21","6","15","17","14","20","25","22","33","7","19","11","26","","",
"Jordan","JOR","Patent applications, residents","IP.PAT.RESD","","","","","","","","","","","","","","","","","","","","","","","","","","","","","","11","","","","","","","","","","","71","52","21","25","42","49","75","59","50","60","45","40","48","35","40","41","22","26","24","","",
"Japan","JPN","Patent applications, residents","IP.PAT.RESD","","","","","","","","","","","","","","","","","","","","","165730","","","227708","256195","274348","290132","310908","308775","317353","332952","335564","337498","331774","319261","333770","339045","349211","357379","357531","384201","382815","365204","358184","368416","367960","347060","333498","330110","295315","290081","287580","287013","271731","265959","258839","260244","260292","253630","","",
"Kazakhstan","KAZ","Patent applications, residents","IP.PAT.RESD","","","","","","","","","","","","","","","","","","","","","","","","","","","","","","","","","433","3223","1393","1031","1022","1171","1244","1352","1399","1607","1594","1696","1756","1523","1433","1633","1483","1513","1691","1415","","1824","1742","1271","993","1055","789","","",
"Kenya","KEN","Patent applications, residents","IP.PAT.RESD","","","","","","","","","","","","","","","","","","","","","","","","","","","","","1","","","8","","14","","","15","22","27","25","","","23","22","31","34","41","41","63","48","77","135","123","127","132","137","144","135","244","","",
"Kyrgyz Republic","KGZ","Patent applications, residents","IP.PAT.RESD","","","","","","","","","","","","","","","","","","","","","","","","","","","","","","","","","","","132","119","126","152","111","60","80","84","123","179","","","","155","135","146","134","124","110","111","132","122","84","137","","","",
"Cambodia","KHM","Patent applications, residents","IP.PAT.RESD","","","","","","","","","","","","","","","","","","","","","","","","","","","","","","","","","","","","","","","","","","","","","","","","","","","","","","1","2","","3","","","","",
"Kiribati","KIR","Patent applications, residents","IP.PAT.RESD","","","","","","","","","","","","","","","","","","","","","","","","","","","","","","","","","","","","","","","","","","","","","","","","","","","","","","","","","","","","","",
"St. Kitts and Nevis","KNA","Patent applications, residents","IP.PAT.RESD","","","","","","","","","","","","","","","","","","","","","","","","","","","","","","","","","","","","","","","","","","","","","","","","","","","","","","","","","","","","","",
"Korea, Rep.","KOR","Patent applications, residents","IP.PAT.RESD","","","","","","","","","","","","","","","","","","","","","1241","1319","1556","1599","1997","2702","3640","4871","5696","7020","9082","13253","15951","21449","28554","59228","68405","67359","50596","55970","72831","73714","76570","90313","105250","122188","125476","128701","127114","127316","131805","138034","148136","159978","164073","167275","163424","159084","162561","","",
"Kuwait","KWT","Patent applications, residents","IP.PAT.RESD","","","","","","","","","","","","","","","","","","","","","","","","","","","","","","","","","","","","","","","","","","","","","","","","","","","","","","","","","13","","1","","",
"Latin America & Caribbean (excluding high income)","LAC","Patent applications, residents","IP.PAT.RESD","","","","","","","","","","","","","","","","","","","","","4707","4344","4212","5237","5175","3005","2993","3665","3179","3423","4404","4236","3602","4295","4028","4134","4542","4494","4015","4457","4952","4836","4940","5377","5669","6114","6020","6143","6086","6079","6039","6851","7272","7312","6948","7073","8214","8166","7598","","",
"Lao PDR","LAO","Patent applications, residents","IP.PAT.RESD","","","","","","","","","","","","","","","","","","","","","","","","","","","","","","","","","","","","","","","","","","","","","","3","5","2","1","","","","","1","1","1","","3","1","","",
"Lebanon","LBN","Patent applications, residents","IP.PAT.RESD","","","","","","","","","","","","","","","","","","","","","","","","","","","","","","","","","","","","","","","","","","","","","","","","","","","","","","105","80","110","","","","","",
"Liberia","LBR","Patent applications, residents","IP.PAT.RESD","","","","","","","","","","","","","","","","","","","","","","","","","","","","","","","","6","","14","","","","","","","","","","","","","","","","","","","","","","","","","","","",
"Libya","LBY","Patent applications, residents","IP.PAT.RESD","","","","","","","","","","","","","","","","","","","","","","","","","","","","","","3","10","25","","15","10","6","12","","","","","","","","","","","","","","","","","","","","","","","","",
"St. Lucia","LCA","Patent applications, residents","IP.PAT.RESD","","","","","","","","","","","","","","","","","","","","","","","","","","","","","","","","","","","","","","","","","","","","","","","","","","","","","","","","","5","3","2","","",
"Latin America & Caribbean","LCN","Patent applications, residents","IP.PAT.RESD","","","","","","","","","","","","","","","","","","","","","4939","4517","4377","5389","5344","3207","3140","3810","3331","3587","4590","4441","3852","4528","4289","4380","4783","4704","4249","4688","5244","5134","5364","5753","6091","6500","6342","6586","6652","6452","6390","7231","7635","7665","7456","7561","8674","8651","8148","","",
"Least developed countries: UN classification","LDC","Patent applications, residents","IP.PAT.RESD","","","","","","","","","","","","","","","","","","","","","","","","","","","","","","","","","","","","","","","","","","","","","","","","","","","","","","","","","","","","","",
"Low income","LIC","Patent applications, residents","IP.PAT.RESD","","","","","","","","","","","","","","","","","","","","","","","","","","","","","","","","","","","","","","","","","","","","","","","","","","","","","","","","","","","","","",
"Liechtenstein","LIE","Patent applications, residents","IP.PAT.RESD","","","","","","","","","","","","","","","","","","","","","","","","","","","","","","","","","","","","","","","","","","","","","","","","","","","","","","","","","","","","","",
"Sri Lanka","LKA","Patent applications, residents","IP.PAT.RESD","","","","","","","","","","","","","","","","","","","","","11","6","12","16","16","28","26","41","26","28","23","33","36","49","36","76","50","81","54","119","71","120","123","95","120","149","153","151","201","202","225","194","","328","","218","280","277","343","","",
"Lower middle income","LMC","Patent applications, residents","IP.PAT.RESD","","","","","","","","","","","","","","","","","","","","","1614","1388","1573","","1540","1441","1374","","1552","1562","1881","2044","2276","12994","9333","8919","7777","8471","9843","9767","10011","11991","6679","7642","9941","10457","10937","12169","11596","11764","14071","14034","14577","16747","17703","18261","19330","21279","22866","","",
"Low & middle income","LMY","Patent applications, residents","IP.PAT.RESD","","","","","","","","","","","","","","","","","","","","","","","","","","13252","13086","14820","15091","15718","13892","15752","58298","65058","50734","45353","46647","44996","48570","54906","69642","78512","82315","102864","114507","151566","187619","225532","265367","303641","372990","494220","614780","782273","875622","1036187","1287185","1329917","1475607","","",
"Lesotho","LSO","Patent applications, residents","IP.PAT.RESD","","","","","","","","","","","","","","","","","","","","","","","","","","","","","","","","","","","","8","1","","","","","","","","","","","","","","","","","","","","","","","","",
"Late-demographic dividend","LTE","Patent applications, residents","IP.PAT.RESD","","","","","","","","","","","","","","","","","","","","","","","","","","16496","16425","18163","20297","19537","16365","16557","57557","52533","42934","38420","40080","38138","40351","45622","59242","66277","75703","93967","102013","135915","169527","201386","236624","277776","345910","466521","587443","751914","842166","1014885","1249110","1285914","1435329","","",
"Lithuania","LTU","Patent applications, residents","IP.PAT.RESD","","","","","","","","","","","","","","","","","","","","","","","","","","","","","","","","29","134","413","112","106","100","125","134","86","66","68","85","64","70","68","65","62","87","91","108","93","109","117","123","101","95","81","81","","",
"Luxembourg","LUX","Patent applications, residents","IP.PAT.RESD","","","","","","","","","","","","","","","","","","","","","97","109","94","","58","81","80","69","68","58","41","52","","73","50","35","52","48","44","24","85","51","41","16","23","24","26","15","48","60","79","85","109","113","128","128","143","156","152","","",
"Latvia","LVA","Patent applications, residents","IP.PAT.RESD","","","","","","","","","","","","","","","","","","","","","","","","","","","","","","","","","73","155","179","210","196","162","195","91","98","117","150","91","108","112","114","139","206","240","178","173","193","225","103","136","95","90","86","","",
"Macao SAR, China","MAC","Patent applications, residents","IP.PAT.RESD","","","","","","","","","","","","","","","","","","","","","","","","","","","","","","","","","","","","","","","","","","","","","","3","","1","3","1","4","4","5","6","2","3","","1","1","","",
"St. Martin (French part)","MAF","Patent applications, residents","IP.PAT.RESD","","","","","","","","","","","","","","","","","","","","","","","","","","","","","","","","","","","","","","","","","","","","","","","","","","","","","","","","","","","","","",
"Morocco","MAR","Patent applications, residents","IP.PAT.RESD","","","","","","","","","","","","","","","","","","","","","29","36","47","16","28","35","29","72","83","60","61","55","","42","107","89","90","","97","","104","","","","104","140","178","150","177","135","152","169","197","316","355","224","237","198","187","","",
"Monaco","MCO","Patent applications, residents","IP.PAT.RESD","","","","","","","","","","","","","","","","","","","","","14","20","9","19","11","15","10","19","16","9","21","12","9","10","21","13","16","20","4","15","6","6","8","5","7","2","6","11","7","3","6","6","4","5","6","5","7","18","4","","",
"Moldova","MDA","Patent applications, residents","IP.PAT.RESD","","","","","","","","","","","","","","","","","","","","","","","","","","","","","","","","","","67","237","270","289","295","257","256","240","437","239","293","297","377","303","333","273","134","139","97","93","67","67","64","91","73","92","","",
"Madagascar","MDG","Patent applications, residents","IP.PAT.RESD","","","","","","","","","","","","","","","","","","","","","","","","","","","","","","","","","","","9","22","7","9","14","10","7","","4","3","16","7","4","9","14","1","9","3","4","4","5","3","6","9","9","","",
"Maldives","MDV","Patent applications, residents","IP.PAT.RESD","","","","","","","","","","","","","","","","","","","","","","","","","","","","","","","","","","","","","","","","","","","","","","","","","","","","","","","","","","","","","",
"Middle East & North Africa","MEA","Patent applications, residents","IP.PAT.RESD","","","","","","","","","","","","","","","","","","","","","1007","1190","1077","1090","1180","1486","","1575","1735","1734","1634","1802","2184","2306","2251","2350","2414","","3072","3237","3150","2795","3134","3484","4898","6696","","13297","","","13869","14337","13211","14411","16997","3937","18877","20010","16856","","",
"Mexico","MEX","Patent applications, residents","IP.PAT.RESD","","","","","","","","","","","","","","","","","","","","","704","765","550","730","688","590","629","742","652","757","661","564","565","553","498","432","386","420","453","455","431","534","526","468","565","584","574","629","685","822","951","1065","1294","1210","1246","1364","1310","1334","1555","","",
"Marshall Islands","MHL","Patent applications, residents","IP.PAT.RESD","","","","","","","","","","","","","","","","","","","","","","","","","","","","","","","","","","","","","","","","","","","","","","","","","","","","","","","","","","","","","",
"Middle income","MIC","Patent applications, residents","IP.PAT.RESD","","","","","","","","","","","","","","","","","","","","","","","","","","13246","13082","14811","15088","15716","13892","15742","58243","64954","50633","45166","46495","44846","48454","54752","69322","78233","82077","102587","114225","145532","181081","218627","265011","295334","364667","485988","606327","781931","875560","1035652","1286832","1329450","1475087","","",
"North Macedonia","MKD","Patent applications, residents","IP.PAT.RESD","","","","","","","","","","","","","","","","","","","","","","","","","","","","","","","","","","78","58","100","52","66","84","64","71","66","42","48","44","53","55","105","34","39","27","37","50","42","","","","","","","",
"Mali","MLI","Patent applications, residents","IP.PAT.RESD","","","","","","","","","","","","","","","","","","","","","","1","","","","","","","","","","","","","","","","","","","","","","","","","","","","","","","","","","","","","","","",
"Malta","MLT","Patent applications, residents","IP.PAT.RESD","","","","","","","","","","","","","","","","","","","","","7","6","3","4","","","5","5","3","2","2","6","3","8","21","11","6","22","8","11","23","26","22","","","","","10","14","8","12","9","11","13","5","9","3","","","","",
"Myanmar","MMR","Patent applications, residents","IP.PAT.RESD","","","","","","","","","","","","","","","","","","","","","","","","","","","","","","","","","","","","","","","","","","","","","","","","","","","","","","","","","","","","","",
"Middle East & North Africa (excluding high income)","MNA","Patent applications, residents","IP.PAT.RESD","","","","","","","","","","","","","","","","","","","","","331","456","367","399","484","696","","747","737","678","564","682","760","959","936","1045","1163","","1069","1101","1452","1475","1838","2099","3273","4908","","11544","","","12119","12594","11855","12676","15175","1900","16466","17582","14204","","",
"Montenegro","MNE","Patent applications, residents","IP.PAT.RESD","","","","","","","","","","","","","","","","","","","","","","","","","","","","","","","","","","","","","","","","","","","","","","","","","3","","23","20","37","23","13","23","10","","3","","",
"Mongolia","MNG","Patent applications, residents","IP.PAT.RESD","","","","","","","","","","","","","","","","","","","","","","","","12","34","","","","","","","28","26","55","128","130","114","186","148","","","106","121","167","143","100","103","","","76","110","","","133","139","109","112","124","82","","",
"Northern Mariana Islands","MNP","Patent applications, residents","IP.PAT.RESD","","","","","","","","","","","","","","","","","","","","","","","","","","","","","","","","","","","","","","","","","","","","","","","","","","","","","","","","","","","","","",
"Mozambique","MOZ","Patent applications, residents","IP.PAT.RESD","","","","","","","","","","","","","","","","","","","","","","","","","","","","","","","","","","","","","","","","2","","","","","","","1","18","2","7","15","8","14","13","14","24","15","24","34","","",
"Mauritania","MRT","Patent applications, residents","IP.PAT.RESD","","","","","","","","","","","","","","","","","","","","","","","","","","","","","","","","","","","","","","","","","","","","","","","","","","","","","","","","","","","","","",
"Mauritius","MUS","Patent applications, residents","IP.PAT.RESD","","","","","","","","","","","","","","","","","","","","","","2","","","","4","","","3","","1","2","","2","5","3","3","3","3","","","","","","","","","","2","","","1","4","2","3","1","2","1","16","","",
"Malawi","MWI","Patent applications, residents","IP.PAT.RESD","","","","","","","","","","","","","","","","","","","","","2","7","3","1","","","","","1","1","","1","2","3","1","1","2","2","2","1","3","","","","","","","","","","","","","","","6","3","","","","",
"Malaysia","MYS","Patent applications, residents","IP.PAT.RESD","","","","","","","","","","","","","","","","","","","","","","","","","","8","29","71","73","84","92","106","151","198","223","141","221","179","193","218","206","271","322","376","522","522","531","670","818","1234","1231","1076","1114","1199","1353","1272","1109","1166","1116","","",
"North America","NAC","Patent applications, residents","IP.PAT.RESD","","","","","","","","","","","","","","","","","","","","","63746","64568","65316","61408","63867","65765","67356","70842","77964","85401","93192","90137","95232","103578","109713","126393","109475","122558","138542","153312","168982","181476","188204","192870","194767","213050","227306","246345","236649","229979","246527","252504","273491","292398","289294","292612","299405","297957","289444","","",
"Namibia","NAM","Patent applications, residents","IP.PAT.RESD","","","","","","","","","","","","","","","","","","","","","","","","","","","","","","","5","3","","13","","","","","","","","","","","","","","","","","","","","","","13","18","10","21","","",
"New Caledonia","NCL","Patent applications, residents","IP.PAT.RESD","","","","","","","","","","","","","","","","","","","","","","","","","","","","","","","","","","","","","","","","","","","","","","","","","","","","","","","","","","","","","",
"Niger","NER","Patent applications, residents","IP.PAT.RESD","","","","","","","","","","","","","","","","","","","","","","","","","","","","","","","","","","","","","","","","","","","","","","","","","","","","","","","","","","","","","",
"Nigeria","NGA","Patent applications, residents","IP.PAT.RESD","","","","","","","","","","","","","","","","","","","","","","","","","","10","","","","","12","","","","","","","","","","","","","","","","","","","","","64","42","50","","","85","100","120","","",
"Nicaragua","NIC","Patent applications, residents","IP.PAT.RESD","","","","","","","","","","","","","","","","","","","","","","","","","","2","","","","","","","3","2","","","","3","12","9","14","","","","","","","","","","","2","4","3","1","","","","","","",
"Netherlands","NLD","Patent applications, residents","IP.PAT.RESD","","","","","","","","","","","","","","","","","","","","","1826","1897","1873","1889","1840","1938","1866","1970","2158","2205","2147","1605","1753","1733","1748","2123","2348","2391","2451","2545","2465","2110","2122","2288","2187","2217","2168","2079","2421","2575","2527","2585","2375","2315","2294","2207","2290","2241","2111","","",
"Norway","NOR","Patent applications, residents","IP.PAT.RESD","","","","","","","","","","","","","","","","","","","","","716","714","693","825","961","923","903","884","904","1015","899","924","941","1031","1074","1128","1291","1256","1213","1335","1311","1189","1178","1079","1142","1143","1119","1225","1150","1246","1117","1122","1009","1101","1106","1153","1227","1152","1082","","",
"Nepal","NPL","Patent applications, residents","IP.PAT.RESD","","","","","","","","","","","","","","","","","","","","","2","","","","","","","","","","","","1","6","4","3","","","","","","","","","","","","","","","","8","4","18","10","11","11","20","","","",
"Nauru","NRU","Patent applications, residents","IP.PAT.RESD","","","","","","","","","","","","","","","","","","","","","","","","","","","","","","","","","","","","","","","","","","","","","","","","","","","","","","","","","","","","","",
"New Zealand","NZL","Patent applications, residents","IP.PAT.RESD","","","","","","","","","","","","","","","","","","","","","1148","1033","986","1110","1001","1008","957","912","803","807","802","983","1031","1236","1254","1284","1275","1572","1181","1420","1463","1768","1839","1845","1631","1893","2153","1892","1256","1555","1585","1501","1425","1614","1636","1184","1075","1014","1017","","",
"OECD members","OED","Patent applications, residents","IP.PAT.RESD","","","","","","","","","","","","","","","","","","","","","333552","162683","164571","390778","422301","439179","455777","482016","490420","502882","525481","529539","547317","558226","560659","617305","626213","644132","655463","688249","752213","752477","741390","752434","780193","813366","809940","829550","815515","772989","789169","799137","829646","845516","840274","831365","845344","838803","823902","","",
"Oman","OMN","Patent applications, residents","IP.PAT.RESD","","","","","","","","","","","","","","","","","","","","","","","","","","","","","","","","","","","","","","","","","","","","","","","","","","","","","","","","5","3","4","","","",
"Other small states","OSS","Patent applications, residents","IP.PAT.RESD","","","","","","","","","","","","","","","","","","","","","","","","","","","","","","","","","","","","","","","","","","","","","","","","","","","","","","","","","","","","","",
"Pakistan","PAK","Patent applications, residents","IP.PAT.RESD","","","","","","","","","","","","","","","","","","","","","37","","","","","","","","","","23","22","17","19","31","21","16","27","45","44","46","58","55","57","73","143","91","109","170","","114","92","96","151","146","209","204","193","306","","",
"Panama","PAN","Patent applications, residents","IP.PAT.RESD","","","","","","","","","","","","","","","","","","","","","15","8","7","16","15","14","11","3","9","6","15","19","18","20","11","16","31","","","","7","","","","","","","","","","","21","","9","13","14","68","33","135","","",
"Peru","PER","Patent applications, residents","IP.PAT.RESD","","","","","","","","","","","","","","","","","","","","","82","50","56","77","","41","48","43","53","","49","31","21","34","29","","52","48","","48","40","36","29","32","38","27","39","28","31","37","39","39","54","73","83","67","72","100","89","","",
"Philippines","PHL","Patent applications, residents","IP.PAT.RESD","","","","","","","","","","","","","","","","","","","","","119","91","134","63","102","91","75","76","86","71","147","147","133","178","181","169","163","125","163","144","154","135","149","141","158","210","223","225","216","172","170","186","162","220","334","375","327","323","529","","",
"Palau","PLW","Patent applications, residents","IP.PAT.RESD","","","","","","","","","","","","","","","","","","","","","","","","","","","","","","","","","","","","","","","","","","","","","","","","","","","","","","","","","","","","","",
"Papua New Guinea","PNG","Patent applications, residents","IP.PAT.RESD","","","","","","","","","","","","","","","","","","","","","","","","","","","","","","","","","","","","","","","","","","","","","","","","","1","","","","","","","1","","","","","",
"Poland","POL","Patent applications, residents","IP.PAT.RESD","","","","","","","","","","","","","","","","","","","","","6198","4370","4482","4741","5090","5124","5486","5682","6280","5294","4106","3389","2891","2659","2676","2595","2411","2399","2407","2285","2404","2202","2313","2268","2381","2028","2157","2392","2488","2899","3203","3879","4410","4237","3941","4676","4261","3924","4207","","",
"Pre-demographic dividend","PRE","Patent applications, residents","IP.PAT.RESD","","","","","","","","","","","","","","","","","","","","","","","","","","","","","","","","","","","","","","","","","","","","","","","","","","","","","","","","","","","","","",
"Puerto Rico","PRI","Patent applications, residents","IP.PAT.RESD","","","","","","","","","","","","","","","","","","","","","","","","","","","","","","","","","","","","","","","","","","","","","","","","","","","","","","","","","","","","","",
"Korea, Dem. People’s Rep.","PRK","Patent applications, residents","IP.PAT.RESD","","","","","","","","","","","","","","","","","","","","","","","","","","","","","","","","","","","","","","","","","","","","","","5861","6350","6846","","7956","8018","7956","8354","","","","","","","","",
"Portugal","PRT","Patent applications, residents","IP.PAT.RESD","","","","","","","","","","","","","","","","","","","","","92","90","92","91","96","85","77","61","54","86","101","102","69","88","103","81","86","71","96","81","81","107","130","125","123","158","184","250","381","571","499","571","621","647","722","925","724","644","661","","",
"Paraguay","PRY","Patent applications, residents","IP.PAT.RESD","","","","","","","","","","","","","","","","","","","","","","","","5","10","7","","","","6","16","","20","30","","","","","","","11","12","11","12","18","24","21","37","13","15","18","","","","","","","","","","",
"West Bank and Gaza","PSE","Patent applications, residents","IP.PAT.RESD","","","","","","","","","","","","","","","","","","","","","","","","","","","","","","","","","","","","","","","","","","","","","","","","","","","","","","","","","","","","","",
"Pacific island small states","PSS","Patent applications, residents","IP.PAT.RESD","","","","","","","","","","","","","","","","","","","","","","","","","","","","","","","","","","","","","","","","","","","","","","","","","","","","","","","","","","","","","",
"Post-demographic dividend","PST","Patent applications, residents","IP.PAT.RESD","","","","","","","","","","","","","","","","","","","","","328686","159863","161972","387850","418905","431624","447736","473745","481422","494728","518825","523739","543005","563211","562062","618360","626590","645557","656826","690038","754591","756874","739851","751242","780768","813587","810143","828434","813477","769945","785286","794138","823164","839700","833140","822473","835876","827623","813067","","",
"French Polynesia","PYF","Patent applications, residents","IP.PAT.RESD","","","","","","","","","","","","","","","","","","","","","","","","","","","","","","","","","","","","","","","","","","","","","","","","","","","","","","","","","","","","","",
"Qatar","QAT","Patent applications, residents","IP.PAT.RESD","","","","","","","","","","","","","","","","","","","","","","","","","","","","","","","","","","","","","","","","","","","","","","","","","","","","","3","9","5","","16","19","","","",
"Romania","ROU","Patent applications, residents","IP.PAT.RESD","","","","","","","","","","","","","","","","","","","","","2569","2481","2724","3108","3446","4201","4394","4821","5615","5868","2752","2015","1457","1414","1633","1811","1831","1708","1299","1061","1003","1128","1478","881","937","916","814","827","995","1054","1382","1424","1022","993","952","975","1005","1098","1100","","",
"Russian Federation","RUS","Patent applications, residents","IP.PAT.RESD","","","","","","","","","","","","","","","","","","","","","","","","","","","","","","","","","39494","28503","21250","17551","18014","15106","16454","19900","23377","24777","23712","24969","22985","23644","27884","27505","27712","25598","28722","26495","28701","28765","24072","29269","26795","22777","24926","","",
"Rwanda","RWA","Patent applications, residents","IP.PAT.RESD","","","","","","","","","","","","","","","","","","","","","","","","","","","","","1","","","","","","","","","","","","","","","","","","","","","","","","40","","5","5","3","4","6","","",
"South Asia","SAS","Patent applications, residents","IP.PAT.RESD","","","","","","","","","","","","","","","","","","","","","1291","1112","1180","","1081","1050","1041","1052","1083","1108","1225","1358","1374","1319","1698","1715","1749","2080","2378","2418","2393","2616","2914","3635","4255","5063","5952","6585","6856","7519","9258","9172","9723","11229","12240","13059","13775","15512","17007","","",
"Saudi Arabia","SAU","Patent applications, residents","IP.PAT.RESD","","","","","","","","","","","","","","","","","","","","","","","","","","","","","","12","16","27","21","21","33","28","27","57","45","72","76","46","61","56","81","119","119","128","","","288","347","","491","652","715","1070","909","1078","","",
"Sudan","SDN","Patent applications, residents","IP.PAT.RESD","","","","","","","","","","","","","","","","","","","","","","","","7","","","","","","","","","","","","","","","","2","6","1","2","6","4","6","3","3","340","332","252","249","","269","","267","284","281","349","","",
"Senegal","SEN","Patent applications, residents","IP.PAT.RESD","","","","","","","","","","","","","","","","","","","","","","","","","","","","","","","","","","","","","","","","","","","","","","","","","","","","","","","","","","","","","",
"Singapore","SGP","Patent applications, residents","IP.PAT.RESD","","","","","","","","","","","","","","","","","","","","","2","4","","5","4","4","","","","","","","","","","145","224","288","311","374","516","524","624","626","641","569","626","696","793","750","895","1056","1081","1143","1303","1469","1601","1609","1575","","",
"Solomon Islands","SLB","Patent applications, residents","IP.PAT.RESD","","","","","","","","","","","","","","","","","","","","","","","","","","","","","","","","","","","","","","","","","","","","","","","","","","","","","","","","","","","","","",
"Sierra Leone","SLE","Patent applications, residents","IP.PAT.RESD","","","","","","","","","","","","","","","","","","","","","","","","","","","","","","","","","","","","","","","","","","","","","","","","","","","","","","","","","","","","","",
"El Salvador","SLV","Patent applications, residents","IP.PAT.RESD","","","","","","","","","","","","","","","","","","","","","12","","22","39","31","16","","","","19","10","10","11","10","10","3","","","","","","","","","","","","","","","","","","","","7","4","4","3","","",
"San Marino","SMR","Patent applications, residents","IP.PAT.RESD","","","","","","","","","","","","","","","","","","","","","","","","","","","","","","","","","","","","","","","","","","","","","","","","","","","","","","11","4","7","12","14","14","","",
"Somalia","SOM","Patent applications, residents","IP.PAT.RESD","","","","","","","","","","","","","","","","","","","","","","","","","1","","","","","","","","","","","","","","","","","","","","","","","","","","","","","","","","","","","","",
"Serbia","SRB","Patent applications, residents","IP.PAT.RESD","","","","","","","","","","","","","","","","","","","","","","","","","","","","","","","","","","","","","","","","","","","","","473","372","432","395","386","319","290","180","192","201","202","178","192","171","163","","",
"Sub-Saharan Africa (excluding high income)","SSA","Patent applications, residents","IP.PAT.RESD","","","","","","","","","","","","","","","","","","","","","","","","","","","","","","","","","","","","","","","","","","","","","","","","","","","","","","","","","","","","","",
"South Sudan","SSD","Patent applications, residents","IP.PAT.RESD","","","","","","","","","","","","","","","","","","","","","","","","","","","","","","","","","","","","","","","","","","","","","","","","","","","","","","","","","","","","","",
"Sub-Saharan Africa","SSF","Patent applications, residents","IP.PAT.RESD","","","","","","","","","","","","","","","","","","","","","","","","","","","","","","","","","","","","","","","","","","","","","","","","","","","","","","","","","","","","","",
"Small states","SST","Patent applications, residents","IP.PAT.RESD","","","","","","","","","","","","","","","","","","","","","","","","","","","","","","","","","","","","","","","","","","","","","","","","","","","","","","","","","","","","","",
"Sao Tome and Principe","STP","Patent applications, residents","IP.PAT.RESD","","","","","","","","","","","","","","","","","","","","","","","","","","","","","","","","","","","","","","","","","","","","","","","","","","","","","","","","","","","","","",
"Suriname","SUR","Patent applications, residents","IP.PAT.RESD","","","","","","","","","","","","","","","","","","","","","","","","","","","","","","","","","","","","","","","","","","","","","","","","","","","","","","","","","","","","","",
"Slovak Republic","SVK","Patent applications, residents","IP.PAT.RESD","","","","","","","","","","","","","","","","","","","","","","","","","","","","","","","","","","282","248","269","195","224","213","213","236","246","259","210","215","155","193","239","167","176","234","224","168","184","211","228","220","183","217","","",
"Slovenia","SVN","Patent applications, residents","IP.PAT.RESD","","","","","","","","","","","","","","","","","","","","","","","","","","","","","","","","21","188","277","286","314","288","266","288","261","307","301","300","310","342","344","287","331","301","373","442","470","","","","","","","255","","",
"Sweden","SWE","Patent applications, residents","IP.PAT.RESD","","","","","","","","","","","","","","","","","","","","","4106","3914","4087","4283","3969","3840","3685","3521","3260","3147","3108","3154","3291","3760","3953","3941","4111","4130","3972","4142","4224","3926","3358","3025","2768","2522","2446","2527","2549","2186","2196","2004","2288","2332","1984","2038","2032","1992","1838","","",
"Eswatini","SWZ","Patent applications, residents","IP.PAT.RESD","","","","","","","","","","","","","","","","","","","","","","","","","","","","","","","","","","","","","","","","","","","","","","","","","","","","","","","","","","","","","",
"Sint Maarten (Dutch part)","SXM","Patent applications, residents","IP.PAT.RESD","","","","","","","","","","","","","","","","","","","","","","","","","","","","","","","","","","","","","","","","","","","","","","","","","","","","","","","","","","","","","",
"Seychelles","SYC","Patent applications, residents","IP.PAT.RESD","","","","","","","","","","","","","","","","","","","","","","","","","","","","","","","","","","","","","","","","","","","","","","","","","","","","","","","","","","","","","",
"Syrian Arab Republic","SYR","Patent applications, residents","IP.PAT.RESD","","","","","","","","","","","","","","","","","","","","","6","7","4","","","","","","","","","","53","82","67","129","106","116","54","87","247","189","183","213","205","105","124","","","","","","","","","198","","120","103","","",
"Turks and Caicos Islands","TCA","Patent applications, residents","IP.PAT.RESD","","","","","","","","","","","","","","","","","","","","","","","","","","","","","","","","","","","","","","","","","","","","","","","","","","","","","","","","","","","","","",
"Chad","TCD","Patent applications, residents","IP.PAT.RESD","","","","","","","","","","","","","","","","","","","","","","","","","","","","","","","","","","","","","","","","","","","","","","","","","","","","","","","","","","","","","",
"East Asia & Pacific (IDA & IBRD countries)","TEA","Patent applications, residents","IP.PAT.RESD","","","","","","","","","","","","","","","","","","","","","","","","","","4268","3697","4252","5037","5106","6202","7804","10500","12695","11924","10680","12406","13517","14852","16913","26458","31348","41316","58534","67758","95626","124704","155405","197107","232276","296605","418851","537991","709168","805160","972680","1209291","1251167","1398501","","",
"Europe & Central Asia (IDA & IBRD countries)","TEC","Patent applications, residents","IP.PAT.RESD","","","","","","","","","","","","","","","","","","","","","","","","","","","","","","","","","45946","49370","35789","31477","30468","28422","29984","33422","37215","40956","34410","35790","36232","36241","40450","41549","41639","39821","44612","43206","44365","46215","40179","45891","43552","41323","42225","","",
"Togo","TGO","Patent applications, residents","IP.PAT.RESD","","","","","","","","","","","","","","","","","","","","","","","","","","","","","","","","","","","","","","","","","","","","","","","","","","","","","","","","","","","","","",
"Thailand","THA","Patent applications, residents","IP.PAT.RESD","","","","","","","","","","","","","","","","","","","","","13","26","40","48","49","55","60","68","78","43","73","80","67","110","150","145","203","246","479","738","561","534","615","802","819","891","1040","945","902","1025","1214","927","1020","1572","1006","1029","1098","979","904","","",
"Tajikistan","TJK","Patent applications, residents","IP.PAT.RESD","","","","","","","","","","","","","","","","","","","","","","","","","","","","","","","","","","5","24","35","30","23","37","38","45","83","39","30","32","30","26","","","11","7","4","3","2","","","","","","","",
"Turkmenistan","TKM","Patent applications, residents","IP.PAT.RESD","","","","","","","","","","","","","","","","","","","","","","","","","","","","","","","","","","","","","66","52","41","44","","","","","","","","","","","","","","","","","","","","","",
"Latin America & the Caribbean (IDA & IBRD countries)","TLA","Patent applications, residents","IP.PAT.RESD","","","","","","","","","","","","","","","","","","","","","4810","4393","4191","5223","5124","3204","3139","3810","3327","3587","4588","4440","3849","4527","4168","4276","4700","4595","4249","4578","5244","5134","5363","5751","6091","6395","6248","6509","6582","6393","6390","7169","7594","7634","7430","7559","8639","8618","8119","","",
"Timor-Leste","TLS","Patent applications, residents","IP.PAT.RESD","","","","","","","","","","","","","","","","","","","","","","","","","","","","","","","","","","","","","","","","","","","","","","","","","","","","","","","","","","","","","",
"Middle East & North Africa (IDA & IBRD countries)","TMN","Patent applications, residents","IP.PAT.RESD","","","","","","","","","","","","","","","","","","","","","331","456","367","399","484","696","","747","737","678","564","682","760","959","936","1045","1163","","1069","1101","1452","1475","1838","2099","3273","4908","","11544","","","12119","12594","11855","12676","15175","1900","16466","17582","14204","","",
"Tonga","TON","Patent applications, residents","IP.PAT.RESD","","","","","","","","","","","","","","","","","","","","","","","","","","","","","","","","","","","","","","","","","","","","","","","","","","","","","","","","","","","","","",
"South Asia (IDA & IBRD)","TSA","Patent applications, residents","IP.PAT.RESD","","","","","","","","","","","","","","","","","","","","","1291","1112","1180","","1081","1050","1041","1052","1083","1108","1225","1358","1374","1319","1698","1715","1749","2080","2378","2418","2393","2616","2914","3635","4255","5063","5952","6585","6856","7519","9258","9172","9723","11229","12240","13059","13775","15512","17007","","",
"Sub-Saharan Africa (IDA & IBRD countries)","TSS","Patent applications, residents","IP.PAT.RESD","","","","","","","","","","","","","","","","","","","","","","","","","","","","","","","","","","","","","","","","","","","","","","","","","","","","","","","","","","","","","",
"Trinidad and Tobago","TTO","Patent applications, residents","IP.PAT.RESD","","","","","","","","","","","","","","","","","","","","","7","","10","","","","","","","","","","13","29","13","24","9","17","","","","","2","","3","1","","2","1","","","","2","","4","3","3","","4","","",
"Tunisia","TUN","Patent applications, residents","IP.PAT.RESD","","","","","","","","","","","","","","","","","","","","","27","28","","19","12","14","28","26","20","26","27","26","22","42","39","31","45","41","38","67","47","22","45","35","46","56","77","76","76","105","113","137","150","112","142","180","235","172","180","","",
"Turkey","TUR","Patent applications, residents","IP.PAT.RESD","","","","","","","","","","","","","","","","","","","","","134","157","126","","153","132","174","138","153","162","138","148","189","169","151","170","189","203","207","276","277","337","414","489","682","928","1072","1810","2221","2555","3180","3885","4434","4392","4766","5352","6230","8175","7156","","",
"Tuvalu","TUV","Patent applications, residents","IP.PAT.RESD","","","","","","","","","","","","","","","","","","","","","","","","","","","","","","","","","","","","","","","","","","","","","","","","","","","","","","","","","","","","","",
"Tanzania","TZA","Patent applications, residents","IP.PAT.RESD","","","","","","","","","","","","","","","","","","","","","","","","1","","","","","","","","","","","","","","","","","","","","","","","","","","","","","","","","1","","","25","","",
"Uganda","UGA","Patent applications, residents","IP.PAT.RESD","","","","","","","","","","","","","","","","","","","","","","","","","","","","","","","","","","","","","","","","","","","","5","12","3","11","6","","","","","","10","5","9","16","","6","","",
"Ukraine","UKR","Patent applications, residents","IP.PAT.RESD","","","","","","","","","","","","","","","","","","","","","","","","","","","","","","","","","309","8687","5355","4804","3636","4688","5319","5401","5620","7208","1601","1635","4090","3538","3474","3440","2825","2434","2556","2649","2491","2856","2457","2271","2233","2283","2107","","",
"Upper middle income","UMC","Patent applications, residents","IP.PAT.RESD","","","","","","","","","","","","","","","","","","","","","","","","","","11805","11708","13362","13536","14154","12011","13698","55967","51960","41300","36247","38718","36375","38611","44985","59311","66242","75398","94945","104284","135075","170144","206458","253415","283570","350596","471954","591750","765184","857857","1017391","1267502","1308171","1452221","","",
"Uruguay","URY","Patent applications, residents","IP.PAT.RESD","","","","","","","","","","","","","","","","","","","","","70","71","49","40","43","63","39","34","28","23","","34","39","29","18","35","25","32","27","27","44","52","30","45","37","24","31","35","33","30","23","20","22","","37","26","","23","","","",
"United States","USA","Patent applications, residents","IP.PAT.RESD","","","","","","","","","","","","","","","","","","","","","62098","62404","63316","59391","61841","63673","65195","68315","75192","82370","90643","87955","92425","99955","107233","123962","106892","119214","134733","149251","164795","177513","184245","188941","189536","207867","221784","241347","231588","224912","241977","247750","268782","287831","285096","288335","295327","293904","285095","","",
"Uzbekistan","UZB","Patent applications, residents","IP.PAT.RESD","","","","","","","","","","","","","","","","","","","","","","","","","","","","","","","","","","2136","1061","1039","914","815","721","767","755","803","715","931","273","264","323","324","262","238","370","282","257","299","345","288","353","357","470","","",
"St. Vincent and the Grenadines","VCT","Patent applications, residents","IP.PAT.RESD","","","","","","","","","","","","","","","","","","","","","","","","","","","","","","","","","","","","","","","","","","","","","","","","","","","","","","","","","","","","","",
"Venezuela, RB","VEN","Patent applications, residents","IP.PAT.RESD","","","","","","","","","","","","","","","","","","","","","236","176","174","625","875","227","282","312","","183","262","233","202","186","224","","182","201","","","56","","67","85","84","121","101","63","51","60","70","61","65","74","55","47","35","96","","","",
"British Virgin Islands","VGB","Patent applications, residents","IP.PAT.RESD","","","","","","","","","","","","","","","","","","","","","","","","","","","","","","","","","","","","","","","","","","","","","","","","","","","","","","","","","","","","","",
"Virgin Islands (U.S.)","VIR","Patent applications, residents","IP.PAT.RESD","","","","","","","","","","","","","","","","","","","","","","","","","","","","","","","","","","","","","","","","","","","","","","","","","","","","","","","","","","","","","",
"Vietnam","VNM","Patent applications, residents","IP.PAT.RESD","","","","","","","","","","","","","","","","","","","","","","","","","52","","7","","20","46","58","37","34","32","22","23","37","30","25","35","34","52","69","78","103","180","196","219","204","258","306","300","382","443","487","582","560","592","646","","",
"Vanuatu","VUT","Patent applications, residents","IP.PAT.RESD","","","","","","","","","","","","","","","","","","","","","","","","","","","","","","","","","","","","","","","","","","","","","","","","","","","","","","","","","","","","","",
"World","WLD","Patent applications, residents","IP.PAT.RESD","","","","","","","","","","","","","","","","","","","","","","","","","","455957","472449","500799","510311","523526","541404","546626","606793","624469","612673","664289","674670","690871","705304","744204","823135","832271","825377","856380","895604","965494","997856","1054735","1080213","1075376","1160899","1291550","1441077","1625121","1713039","1864186","2128683","2162897","2294847","","",
"Samoa","WSM","Patent applications, residents","IP.PAT.RESD","","","","","","","","","","","","","","","","","","","","","","2","","","","","","","","","","","","","","","","","","","","","","","","","","","","","","","","","1","1","","","1","","",
"Kosovo","XKX","Patent applications, residents","IP.PAT.RESD","","","","","","","","","","","","","","","","","","","","","","","","","","","","","","","","","","","","","","","","","","","","","","","","","","","","","","","","","","","","","",
"Yemen, Rep.","YEM","Patent applications, residents","IP.PAT.RESD","","","","","","","","","","","","","","","","","","","","","","","","","","","","","","","","","","","","","","","7","9","7","6","9","16","10","20","14","11","","","20","7","36","43","29","5","16","15","","","",
"South Africa","ZAF","Patent applications, residents","IP.PAT.RESD","","","","","","","","","","","","","","","","","","","","","3092","3340","3017","4240","3874","4051","4730","4922","4829","5134","1093","1023","888","904","935","883","757","355","200","138","895","966","983","922","956","1003","866","915","860","822","821","656","608","638","802","889","704","728","657","","",
"Zambia","ZMB","Patent applications, residents","IP.PAT.RESD","","","","","","","","","","","","","","","","","","","","","2","1","1","1","","","","","7","3","7","1","7","4","","4","6","","","5","","6","3","3","1","5","4","19","26","9","5","3","7","13","14","20","15","12","","","",
"Zimbabwe","ZWE","Patent applications, residents","IP.PAT.RESD","","","","","","","","","","","","","","","","","","","","","39","35","41","40","34","38","47","41","38","39","44","60","42","44","","55","28","","","","","","","","","","","","","","","","","","","9","8","","","","",
